"ID";"year";"1";"2";"3";"4";"5";"6";"7";"8";"9";"10";"11";"12"
"HRADISTE";1901;88,56;34,01;129,25;53,83;59,42;92,62;115,23;31,1;21,17;59,37;23,72;50,21
"HRADISTE";1902;31,36;30,53;50,08;63,64;56,88;112,61;158,96;109,03;47,24;45,95;49,68;48,59
"HRADISTE";1903;35,58;33,04;61,67;46,48;132,82;138,89;114,32;95,62;60,29;65,62;55,56;45,95
"HRADISTE";1904;62,87;49,2;30,63;106,23;49,53;93,5;189,08;120,9;75,66;89,08;16,07;114,34
"HRADISTE";1905;14,71;69,43;71,89;74,54;71,03;62,78;45,03;47,33;125,67;91,09;91,62;26,81
"HRADISTE";1906;65,71;62,13;64,26;89,99;95,32;53,47;98,35;114,63;66,94;113,33;91,24;62,99
"HRADISTE";1907;45,63;47,05;89,25;49,42;103,6;158,72;211,02;80,34;224,68;40,55;84,32;43,93
"HRADISTE";1908;78,09;32,61;54,29;105,69;63,44;114,98;261,94;112,25;37,05;15,16;50,73;67,57
"HRADISTE";1909;28,81;45,47;33,13;58,81;91,21;61,35;76,77;102,1;66,13;4,03;32,67;56,81
"HRADISTE";1910;24,57;89,97;21,76;33,4;163,82;120,93;251,68;134,14;88,67;49,18;19,19;16,92
"HRADISTE";1911;37,23;36,51;64,7;89,87;188,17;181,57;121,68;156,57;126,03;45,18;35,95;74,93
"HRADISTE";1912;36,9;51,8;33,78;82,42;125,35;73,05;47,61;56,6;51;39,51;103,1;43,67
"HRADISTE";1913;36,64;38,56;60,79;51,3;166,61;140,47;159,82;147,51;154,35;33,83;24,37;63,68
"HRADISTE";1914;24,22;6,29;20,37;23,48;74,88;149,57;140,18;131,08;85,01;40,19;37,75;18,36
"HRADISTE";1915;34,27;6,62;46,66;28,57;127,66;69,51;245,81;71,85;102,45;73,53;83,73;87,41
"HRADISTE";1916;83,34;32,19;90,09;77,32;76,17;110,66;170,3;131,23;82,53;196,41;35,42;34,8
"HRADISTE";1917;45,77;38,97;33,48;96,61;61,18;180,8;177,44;101,75;85,84;45,49;50,38;48,71
"HRADISTE";1918;54,6;16,17;53,08;130,78;35,63;58,86;118,23;102,75;32,93;72,85;45,62;32,87
"HRADISTE";1919;35,94;32,89;25,28;41,04;86,12;85,65;196,36;96,03;54,45;82,21;40,52;36,38
"HRADISTE";1920;37,73;31,64;88,43;105,93;71,84;117,88;178,65;60,62;36,12;99,12;24,3;92,84
"HRADISTE";1921;59,69;21,36;25,84;82,2;125,53;95,36;126,65;174,61;41,81;5,36;54,03;75,02
"HRADISTE";1922;80,67;56,59;12,79;117,54;56,77;109,52;72,18;103,88;46,25;57,07;5,36;33,77
"HRADISTE";1923;30,64;24,61;51,79;49,37;34,25;88,53;89,5;129,84;179,77;120,1;21,38;50,36
"HRADISTE";1924;74,53;52,54;53,43;72,14;29,14;100,95;47,56;47,9;54,13;98,99;35,55;45,87
"HRADISTE";1925;12,19;49,76;22,67;109,7;96,61;80,16;110,14;81,07;52,91;18,97;49,41;88,24
"HRADISTE";1926;17,2;39,4;53,09;63,74;81,35;98,06;154,02;271,8;46,99;47,33;36,97;13,87
"HRADISTE";1927;30,13;64,46;61,34;41,32;124,3;211,62;264,8;79,84;82,22;61,3;59,98;32,33
"HRADISTE";1928;44,48;24,23;41,81;78,04;52,02;103,17;96,57;80,22;67,27;29,02;24,69;59,13
"HRADISTE";1929;23,71;58,32;41,82;69,21;187,42;95,51;47,68;127,19;83,02;44,85;38,26;20,95
"HRADISTE";1930;58,76;28,05;19,49;65,07;113,91;84,21;99,39;81,68;29,8;44,88;49,19;84,48
"HRADISTE";1931;19,31;52,35;44,69;128,67;83,04;122,08;113,42;96,2;67,98;98,33;55,82;68,98
"HRADISTE";1932;35,63;62,94;31,65;43,33;19,43;71,45;185,18;163,25;149,5;67,34;87,44;59,89
"HRADISTE";1933;51,49;35,76;25,88;32,3;167,95;79,81;178,67;120,22;29,06;47,69;28,53;50,12
"HRADISTE";1934;50,7;73,64;18,42;67,3;79,97;118,35;124,82;81,38;56,31;55,57;48,12;18
"HRADISTE";1935;42,83;34,43;36,47;38,55;37,88;182,38;53,76;116,81;29,33;38,98;45,31;48,99
"HRADISTE";1936;53,91;78,41;47,44;142,59;105,72;38,32;83,54;60,52;59,06;124,91;24,49;51,08
"HRADISTE";1937;44,46;40,78;20,03;61,36;138,54;173,22;166,67;67,36;64,9;116,24;22,48;53,72
"HRADISTE";1938;39,45;64,5;59,08;82,36;53,08;112,97;104,55;162,79;173,55;43,67;35,36;37,58
"HRADISTE";1939;73,31;33,78;82,17;66,57;87,71;44,5;125,25;248,48;38,25;44,67;44,26;60,85
"HRADISTE";1940;40,34;20,57;82,45;18,65;175,53;143,94;112,44;90,33;117,58;87,6;61,46;57,99
"HRADISTE";1941;22,05;24,78;71,08;42,73;94,59;85,98;112,8;102,58;99,25;55,09;78,13;76,35
"HRADISTE";1942;55,82;42,58;77,62;114,99;76,65;97,41;172,66;135,14;67,97;103,46;51,96;83,76
"HRADISTE";1943;36,64;46,4;16,22;67,18;99,3;96,64;98,16;95,33;47,47;61,08;32,51;46,27
"HRADISTE";1944;23,55;11,71;39,2;50,78;55,09;118,72;125,87;62,3;108,46;5,24;58,89;12,77
"HRADISTE";1945;60,17;90,64;92,99;70,46;89,01;165,02;187,74;44,32;51,19;80,19;66,68;41,23
"HRADISTE";1946;37,54;64,3;41,42;70,64;97,63;97,73;71,7;105,49;72,92;61,43;76,9;56,43
"HRADISTE";1947;51,9;144,16;7;3,81;49,95;116,41;136,64;119,73;22,27;63,58;53,66;64,37
"HRADISTE";1948;26,85;64,97;26,15;49,85;25,12;69,86;73,86;20,22;7,89;8,48;23,23;69,85
"HRADISTE";1949;82,31;94,83;43,43;40,35;88,49;114,38;149,36;135,23;29,09;46,96;57,01;79,87
"HRADISTE";1950;29,66;23,53;54,88;68,39;192,56;89,83;113,79;178,17;27,27;10,14;25,31;16,42
"HRADISTE";1951;50,76;29,36;25,41;35,83;43,98;27,05;122,66;65,64;94,71;69,7;56,1;47
"HRADISTE";1952;37,04;31,93;42,97;36,89;103,76;88,42;85,5;116,39;55,06;4,21;91,72;44,06
"HRADISTE";1953;60;83,05;72,25;44,38;80,19;118,53;47,07;86,03;106,2;65,64;65,78;44,6
"HRADISTE";1954;34,49;45,35;16,05;37,82;61,08;162,8;168,84;61,31;17,81;17,26;78,5;37,11
"HRADISTE";1955;56,51;17,76;17,82;88,01;137,71;104,06;198,78;59,46;83,87;60,28;15,72;34,83
"HRADISTE";1956;58,16;84,9;24,66;72,46;86,33;147,72;182,79;165,2;69,99;32,5;25,34;86,45
"HRADISTE";1957;30,15;33;51,64;85,27;42,17;126,94;107,95;132,03;22,1;143,45;39,17;55,97
"HRADISTE";1958;25,58;58,18;54,76;39,17;35,79;59,13;246,46;83,86;102,87;2,06;40,47;36,45
"HRADISTE";1959;76,46;82,19;39,43;70,75;68,33;165,68;96,59;118,96;74,31;76,68;48,93;58,18
"HRADISTE";1960;47,61;21,49;35,06;48,14;96,91;187,77;178,66;129,66;7,38;7,11;36,42;57,55
"HRADISTE";1961;13,79;36,52;35,04;77,45;112,95;97,73;83,96;110,75;48,8;56,46;47,57;58,68
"HRADISTE";1962;61,1;54,19;59,26;41,52;168,6;71,96;68,74;44,29;70,3;30,87;59,31;39,92
"HRADISTE";1963;53,45;26,43;55,57;62,27;94,3;158,32;46,1;117,03;57,4;27,31;65,34;12,5
"HRADISTE";1964;8,45;19,26;72,24;86,18;78,08;121,49;73,99;140,11;47,57;160,1;38,72;49,74
"HRADISTE";1965;39,88;89,69;58,16;97,54;190,5;179,75;91,94;78,39;57,07;4,42;42,75;43,77
"HRADISTE";1966;50,92;38,88;56,57;89,49;64,36;196,27;144,7;193,18;62,87;45,32;49,14;72,48
"HRADISTE";1967;43,82;28,41;46,49;73,87;139,25;116,1;110,31;104,21;124,29;25,54;47,81;44,32
"HRADISTE";1968;55,7;17,35;25,32;58,03;85,54;76,76;129,04;147,2;77,47;60,03;28,23;20,56
"HRADISTE";1969;50,65;46,16;35,3;30,9;78,6;194,43;68,26;99,04;41,87;8,27;66,31;57,95
"HRADISTE";1970;14,7;99,61;52,22;50,37;98,15;138,93;66,54;136,22;49,4;68,06;80,83;35,14
"HRADISTE";1971;6,07;44,22;58,12;58,11;97;145,94;60,1;105,5;98,91;21,06;52,85;26,08
"HRADISTE";1972;19,29;49,69;15,46;125,1;90,17;81,17;193;78,89;66,1;23,03;41,89;3,88
"HRADISTE";1973;23,49;42,34;46,32;49,58;80,88;168,79;110,15;26,71;63,45;24,38;55,58;23,96
"HRADISTE";1974;37,1;39,88;18,86;51,88;162,72;177,3;157,49;110,08;36,79;82,78;57,91;107,36
"HRADISTE";1975;27,63;16,23;60,2;33,39;66,65;232,66;130,25;87,84;24,99;72,38;44,74;34,38
"HRADISTE";1976;81,08;17,03;13,89;58,3;103,49;52,78;184,86;94,41;51,86;78,58;100,44;26,04
"HRADISTE";1977;52,48;73,42;53,38;77,21;35,45;63,47;154,79;224,62;75,52;23,44;33;47,18
"HRADISTE";1978;23,37;27,61;28,7;47,94;92,86;152,65;81,43;101,92;60,75;46,65;25,54;24,12
"HRADISTE";1979;41;35,32;112,59;86,53;39,48;176,49;96,53;115,76;89,23;19,21;91,4;37,47
"HRADISTE";1980;25,53;30,75;52,59;148,61;53,79;106,12;150,48;82,18;36,97;76,72;51,57;18,68
"HRADISTE";1981;42,47;17,16;46,31;23,91;73,05;88,23;217,95;72,66;133,91;70,52;66,33;69,89
"HRADISTE";1982;56,96;14,45;66,22;31,48;68,1;102,33;111,44;103,09;32,36;40,53;30,07;64,6
"HRADISTE";1983;54,32;48,12;26,25;83,36;76,24;136,9;66,64;80,01;36,87;19,73;19,21;31,6
"HRADISTE";1984;30,41;46,96;42,1;73,02;92,68;65,38;104,71;85,11;117,29;29,04;26,01;21,51
"HRADISTE";1985;40,38;25,35;60,76;57,66;139,46;123,5;91,32;177,27;37,6;21,4;101;48,9
"HRADISTE";1986;50,97;27,91;39,09;55,36;105,15;87,54;171,7;98,22;27,71;46,42;23,23;55,07
"HRADISTE";1987;80,79;57,64;73,83;42,25;148,36;137,08;167,5;53,32;106,13;23,53;44,2;73,03
"HRADISTE";1988;32,96;64,34;84,57;34,33;65,65;120,94;103,69;84,91;48,15;36,99;57,57;77,56
"HRADISTE";1989;14,39;22,74;27,06;103,2;78,15;105,15;100,76;91,86;84,69;28,31;32,39;26,19
"HRADISTE";1990;6,09;75,31;38,88;75,54;73,11;118,31;52,78;65,34;79,09;45,18;57,04;40,29
"HRADISTE";1991;11,86;14,89;41,79;47,26;130,15;89,61;121,57;89,3;28,81;16,02;71,96;82,08
"HRADISTE";1992;21,11;46,54;82,91;42,21;16,14;121,02;117,84;92,6;75,48;92,52;68,69;46,1
"HRADISTE";1993;50,63;41,26;39,48;24,04;55,97;146,02;127,35;103,56;101,47;72,09;49,3;59,35
"HRADISTE";1994;21,85;10,73;66,62;91,52;80,01;52,83;61,88;98,27;63,26;42,6;42,52;63
"HRADISTE";1995;37,47;34,02;55,52;63,6;111,9;129,47;81,69;168,26;123,53;18,78;81,74;60,91
"HRADISTE";1996;44,43;18,57;49,14;96,6;230,85;115,67;90,87;111,94;65,75;126,59;63,81;38,07
"HRADISTE";1997;8,35;32,94;83,59;105,28;56,77;96,62;268,11;74,31;29,82;59,66;79,81;62,54
"HRADISTE";1998;27,71;10,31;77,84;56,13;80,54;125,62;142,99;36,08;76,74;77,26;46,81;23,84
"HRADISTE";1999;23,5;72,14;29,99;50,82;80,75;68,94;147,73;82,71;43,82;21,62;50,91;58,93
"HRADISTE";2000;39,24;34,78;108,14;10,86;88,62;80,56;159,95;122,85;57,96;78,23;33,99;41,74
"HRADISTE";2001;46,73;18,95;63,32;105,11;78,54;96,58;115,75;164,11;111,33;19,44;41,15;69,26
"HRADISTE";2002;14,73;54,06;82,63;24,05;64,97;141,76;92,93;432,76;82,53;143,28;82,52;66,33
"HRADISTE";2003;68,26;9,39;37,28;18,18;94,24;91,39;109,13;71,67;49;97,72;22,55;47,22
"HRADISTE";2004;63,69;68,61;88,77;79,34;99,63;183,49;97,3;48,77;58,77;64,36;69,99;4,14
"HRADISTE";2005;54,64;81,79;27,82;101,58;99,64;85,14;184,41;174,24;108,06;15,86;36,74;36,27
"HRADISTE";2006;81,24;31,76;115,47;89,82;113,66;182,66;44,85;164,16;8,71;10,78;40,13;15,17
"HRADISTE";2007;75,99;24,78;82,06;2,4;108,82;81,09;128,47;114,78;209,17;55,29;70,39;45,77
"HRADISTE";2008;27,79;19,99;54,82;97,02;82,1;71,48;142,18;93,12;91,31;31,39;61,83;40,14
"HRADISTE";2009;26,42;95,3;100,73;30,9;130,43;274,89;173,81;138,99;47,12;99,21;42,47;60,65
"HRADISTE";2010;65,64;40,6;46,44;87,05;160,21;128,75;188,63;149,85;76,27;24,59;47,18;49,93
"HRADISTE";2011;48,01;12,2;59,01;39,02;138,32;101,95;155,56;58,3;113,73;87,16;1,28;37,83
"HRADISTE";2012;83,24;34,17;14,79;67,85;103,81;144,66;230;152,03;77,93;46,07;34,15;68,63
"HRADISTE";2013;128,9;58,14;50,02;17,07;171,98;298,73;72,61;98,34;61,66;50,83;37,34;15,1
"HRADISTE";2014;40,97;12,61;43,68;63,84;200,2;45,67;161,07;194,88;138,1;86,01;27,41;42,58
"HRADISTE";2015;60,63;15,49;50,53;32,74;109,71;126,87;49,25;64,24;66,7;92,67;87,5;23
"METIKALOV";1901;93,5;70,35;79,89;55,91;85,06;76,08;49,58;22,24;21,66;60,77;38,78;55,94
"METIKALOV";1902;36,57;38,5;76,65;69,42;77,18;105,09;141,91;69,73;47,56;89,68;53,76;45,31
"METIKALOV";1903;77,6;26,62;62,59;30;71,59;54,07;75,19;71,96;33,47;36,79;56,98;61,55
"METIKALOV";1904;37,94;49,91;19,08;68;57,96;47,48;112,64;108,11;58,23;88,84;7,92;102,29
"METIKALOV";1905;39,55;75,67;40,62;70,65;58,63;41,51;20,27;11,02;71,2;63,15;103,44;17,89
"METIKALOV";1906;65,98;68,81;66,62;64,08;52,23;50,35;124,98;147,32;69,46;101,59;81,78;49,74
"METIKALOV";1907;44,68;27,14;83,44;34,35;85,9;50,76;65,46;50,63;104,59;33,46;47,62;23,92
"METIKALOV";1908;81,68;38,18;76,99;45,83;42;78,74;108,78;38,36;23,81;30,09;48,6;54,58
"METIKALOV";1909;38,24;73,59;34,01;70,39;52,75;94,55;72,56;72,74;56,03;2,13;28,44;80,71
"METIKALOV";1910;51,93;135,61;26,72;66,26;24,56;101,36;103,81;41,67;54,75;18,56;46,45;17,96
"METIKALOV";1911;45,63;29,61;23,18;41,76;63,75;103,45;87,13;45,36;62,56;20,72;73,04;68,65
"METIKALOV";1912;20,65;58,57;41,27;32,42;68,76;40,43;24,49;32,63;74,97;24,34;99,75;55,31
"METIKALOV";1913;56,21;36,47;49,84;34,71;47,76;125,54;51,37;121,72;67,18;41,53;43,91;63,49
"METIKALOV";1914;58,97;24,18;42,14;27,05;57,19;113,07;67,28;25,04;39,95;22,54;46,86;49,89
"METIKALOV";1915;37,51;14,36;91,51;31,27;60,7;62,66;115,75;52,95;75,92;47,84;49,2;85,34
"METIKALOV";1916;75,85;22,42;82,42;52,11;47,19;41,49;61,82;82,37;62,43;81,61;32,89;34,57
"METIKALOV";1917;70,21;64,27;44,66;30,89;58,14;121,3;55,14;58,01;41,05;37,2;46,47;67,05
"METIKALOV";1918;65,67;10,22;52,8;65,1;57,05;22,89;24,39;75,99;35,18;60,83;18,53;106,65
"METIKALOV";1919;60,15;47,35;16,56;57,65;20,8;35,28;69,71;67,37;24,67;51,61;34,95;40,55
"METIKALOV";1920;21,08;26,56;46,55;61,92;24,26;49,28;32,33;41,48;37,12;66,06;21;99,65
"METIKALOV";1921;113,07;18,29;24,07;74,46;85,86;57,25;63,97;67,75;45,55;6,85;95,41;82,35
"METIKALOV";1922;84,52;36,98;7,74;27,9;79,67;59,73;22,45;68,12;11,38;55,21;4,42;61,15
"METIKALOV";1923;60,62;50,14;54,53;68,58;17,61;52,18;74,8;99,2;59,49;56,26;26,94;44,26
"METIKALOV";1924;90,99;36,1;27,93;41,37;61,03;61,7;49,24;28,13;30,02;106,16;76,2;76,63
"METIKALOV";1925;26,39;75,5;45,26;36,2;72,6;77,49;76,38;109,94;42,4;46,79;31,45;68,66
"METIKALOV";1926;37,2;32,48;63,76;46,68;40,31;43,37;91,85;90,11;37,63;71,72;27,82;17,56
"METIKALOV";1927;53,56;72,45;78,63;34,15;83,99;165,93;132,81;63,64;37,01;78,09;36,28;88,33
"METIKALOV";1928;53,1;23,12;75,84;116,37;39,99;94,21;96,42;79,15;70,47;23,91;33,4;59,23
"METIKALOV";1929;54,72;53,84;28,19;82,28;35,14;50,86;39,16;67,6;32,07;31,1;57,34;23,13
"METIKALOV";1930;41,92;35,1;11,69;44,15;42,03;61,93;54,65;47,62;26,32;69,11;81,55;49,3
"METIKALOV";1931;37,74;8,5;28,25;88,53;114,12;36,56;78,55;86,72;39,09;115,09;25,17;71,11
"METIKALOV";1932;66,4;50,15;34,06;60,97;54,29;51,93;111,38;123,04;59,9;41,19;103,34;36,22
"METIKALOV";1933;46,52;22,76;20,95;30,91;104,12;74,99;126,72;56,4;43,58;78,58;12,75;65,38
"METIKALOV";1934;28;47,03;16,9;35,45;44,38;99,69;58,5;56,42;23,12;35,46;44,31;8,66
"METIKALOV";1935;38,03;46,97;19,62;43,72;17,84;50,42;35,41;103,87;14,42;56,49;34,81;23,8
"METIKALOV";1936;39,53;63,59;33,47;87,28;45,17;33,66;28,51;39,08;43,75;114,4;52,79;45,06
"METIKALOV";1937;42,86;57,19;18,98;51,77;107,22;57,35;117,68;56,25;73,71;49,66;30,86;32,36
"METIKALOV";1938;53,23;69,34;36,22;45,32;66,49;62,37;72,55;56,72;52,18;40,92;45,23;39,24
"METIKALOV";1939;76,28;45,21;23,1;39,32;103,24;34,19;72,47;99,35;22,78;56,42;30,65;39
"METIKALOV";1940;39,9;36,14;72,62;27,44;75,76;101,9;97,36;57,25;89,04;82;45,28;51,54
"METIKALOV";1941;23,64;25,49;104;21,32;85,18;81,18;124,57;87,29;82,4;45,62;93,87;79,21
"METIKALOV";1942;65,85;38,38;65,34;97,41;77,01;70,18;77,15;102,51;41,7;138,5;80,78;82,63
"METIKALOV";1943;31,37;33,91;28,18;25,17;51,11;24,68;88,65;37,05;73,48;71,29;49,94;93,21
"METIKALOV";1944;51,99;33,5;15,81;84,72;32,18;110,61;30,98;65,23;68,66;1,83;70,2;25,98
"METIKALOV";1945;98,85;91,23;128;44,01;52,56;92,77;81,24;23,58;55,12;51,87;48;39,23
"METIKALOV";1946;47,24;67,72;47,94;52,18;102,5;84,99;96,25;118,42;49,7;66,91;86,52;50,7
"METIKALOV";1947;48,93;123,8;32,48;12,76;60,39;134,44;117,29;54,22;45,83;77,97;50,89;46,76
"METIKALOV";1948;41,64;52,15;68,65;45,1;32,45;65,34;59,18;8,8;23,17;16,64;22,07;32,35
"METIKALOV";1949;96,85;133,12;40,04;21,15;54,18;49,74;111,56;118,13;8,77;17,51;128,34;148,81
"METIKALOV";1950;58,27;38,62;71,29;64,02;107,43;86,49;33,24;75,13;55,66;10,87;16,38;10,68
"METIKALOV";1951;66,72;63,87;13,96;56,69;80,88;36,79;86,6;70,15;81,3;43,57;27,23;55,7
"METIKALOV";1952;65,5;32,82;43,4;33,94;44,98;92,6;54,42;78,31;31,92;4,06;77,18;41,73
"METIKALOV";1953;53,94;40,61;85,77;31,95;66,14;41,17;20,25;54,95;119,01;83,13;52,93;31,65
"METIKALOV";1954;57,59;51,99;17,92;30,3;47,23;145,57;72,61;22,64;30,21;32,97;79,91;32,74
"METIKALOV";1955;59,82;12,02;27,5;84,28;43,72;60,34;222,54;82,31;126,3;53,95;12,06;25,87
"METIKALOV";1956;44,43;56,45;39,32;78,2;43,14;69,33;190,22;89,44;55,69;44,46;31,56;86,6
"METIKALOV";1957;36,03;38,97;63,95;52,17;44,11;101,17;87,46;66,65;23,86;78,6;34,27;90,17
"METIKALOV";1958;44,06;76,01;67,36;40,3;36,36;46,59;184,02;66,53;85,67;9,09;73,78;51,02
"METIKALOV";1959;59,93;77,9;48,53;40,61;78,79;79,9;107,76;45,99;61,07;102,77;44;36,57
"METIKALOV";1960;48,89;23,47;17,95;69,78;82,93;41,81;39,74;56,71;1,37;45,96;22,74;61,34
"METIKALOV";1961;28,19;55,58;41,54;60,37;67,33;96,32;72,35;55,58;36,29;43,02;33,67;53,18
"METIKALOV";1962;42,34;57,63;48,04;37,43;65,96;34,46;61,74;30,01;39,83;13,01;12,1;53,98
"METIKALOV";1963;23,97;24,65;33,67;35,38;71,55;153,61;86,16;63,79;93,01;25,79;73,15;8,9
"METIKALOV";1964;26,82;29,21;33,78;30,01;45,99;53,86;33,55;77,72;23,74;56,72;51,47;23,97
"METIKALOV";1965;53,75;33,78;49,53;80;178,71;102,71;119,83;24,99;100,08;14,38;95,06;93,92
"METIKALOV";1966;33,32;59,57;61,62;59,57;44,74;144,48;88,1;117,32;13,58;73,04;28,3;100,08
"METIKALOV";1967;47,02;60,6;60,48;19,97;94,15;85,48;75,66;71,1;96,09;26,82;18,6;92,89
"METIKALOV";1968;86,27;32,64;35,26;65,62;45,88;65,85;57,74;127,13;89,7;54,09;56,15;26,13
"METIKALOV";1969;18,94;30,36;57,52;74,29;26,82;89,58;38,92;70,53;57,74;18,6;64,93;24,65
"METIKALOV";1970;27,16;104,19;55,46;72,01;59,8;54,44;66,87;161,37;25,11;72,69;54,78;49,07
"METIKALOV";1971;21,23;21,8;33,21;24,76;112,29;120,97;7,76;67,9;36,29;32,52;65,28;35,61
"METIKALOV";1972;12,32;18,72;33,32;49,98;82,17;55,46;105,56;33,09;59,57;15,63;48,62;7,65
"METIKALOV";1973;21;43,71;12,9;54,89;30,24;80;81,14;9,81;9,59;61,4;40,63;56,15
"METIKALOV";1974;36,06;42,11;28,64;13,35;77,26;98,83;66,3;72,58;56,15;90,95;50,78;113,21
"METIKALOV";1975;37,2;25,91;60,94;31,15;58,32;121,42;40,51;74,18;72,12;34,01;56,83;18,26
"METIKALOV";1976;151,44;20,88;21,57;23,05;40,74;28,64;83,08;40,28;49,07;31,84;47,47;30,58
"METIKALOV";1977;34,01;54,44;47,7;51,7;49,53;53,52;71,55;122,57;67,45;45,19;93,81;53,18
"METIKALOV";1978;45,19;21,91;41,08;24,42;177,8;65,62;51,81;112,41;88,21;31,04;7,53;92,21
"METIKALOV";1979;46,9;54,09;53,86;46,68;20,09;98,49;49,98;48,96;123,93;23,17;52,61;94,26
"METIKALOV";1980;49,64;58,89;42,57;70,75;35,03;69,39;135,69;42,45;47,02;62,08;38,23;36,4
"METIKALOV";1981;95,75;42,22;91,07;47,36;63,11;21,91;177;103,16;45,53;146,07;81,82;78,06
"METIKALOV";1982;62,31;6,05;29,9;27,5;49,76;60,94;74,52;84,91;14,15;65,51;22,03;71,21
"METIKALOV";1983;89,93;40,17;36,06;57,63;89,93;58,66;29,67;148,13;40,51;19,06;48,73;20,66
"METIKALOV";1984;53,07;58,54;13,24;65,85;109,21;68,7;59,34;62,77;98,03;25,56;39,37;20,54
"METIKALOV";1985;29,67;30,24;37,55;44,62;41,77;66,19;65,16;78,4;36,86;5,93;91,07;48,16
"METIKALOV";1986;113,09;17,69;49,87;44,62;144,7;38,46;68,24;146,64;42;72,58;15,52;98,03
"METIKALOV";1987;82,17;57,17;53,07;43,14;70,18;85,36;93,81;65,05;71,67;30,58;42,68;55,01
"METIKALOV";1988;40,17;77,03;96,89;13,69;31,95;109,44;72,12;67,45;61,74;24,88;58,89;90,04
"METIKALOV";1989;15,18;33,55;38,57;62,88;41,77;72,01;56,6;70,18;75,66;39,83;47,82;47,36
"METIKALOV";1990;28,76;84,45;36,86;55,69;39,14;72,58;19,74;65,85;51,47;43,14;99,4;29,67
"METIKALOV";1991;21,57;21,8;17;23,39;44,74;94,83;19,86;60,03;23,17;7,76;55,35;84,22
"METIKALOV";1992;25,56;26,36;68,02;53,98;16,32;86,85;151,32;49,76;49,98;67,1;65,73;31,5
"METIKALOV";1993;71,67;30,58;11,75;24,19;42,57;122,22;129,41;40,51;44,05;55,46;56,15;108,19
"METIKALOV";1994;58,43;23,17;74,18;60,03;72,24;25,11;53,98;94,38;58,66;45,65;41,43;70,07
"METIKALOV";1995;103,62;46,45;60,71;69,16;50,44;102,25;94,61;86,62;60,26;18,37;47,36;49,64
"METIKALOV";1996;9,47;26,13;30,24;28,53;68,47;100,08;99,86;103,85;52,95;54,78;33,55;34,92
"METIKALOV";1997;19,74;70,64;56,95;51,47;23,62;45,65;91,87;43,14;19,06;45,08;18,6;56,03
"METIKALOV";1998;33,67;12,21;44,05;22,6;39,71;90,16;109,9;60,26;115,83;168,78;49,87;26,82
"METIKALOV";1999;52,72;71,33;35,26;31,27;56,38;70,75;50,9;32,87;78,51;27,16;44,85;62,65
"METIKALOV";2000;49,87;50,33;141,62;39,71;54,09;66,65;89,81;66,19;43,71;61,28;43,71;23,51
"METIKALOV";2001;47,59;35,03;110,92;52,84;44,96;58,43;97,8;56,15;97,69;26,7;65,28;77,03
"METIKALOV";2002;30,36;96,77;47,93;27,16;83,19;72,81;57,29;198,46;77,26;82,05;115,72;70,64
"METIKALOV";2003;48,04;12,21;9,93;30,24;62,2;41,65;93,24;15,29;15,18;56,15;19,74;38,12
"METIKALOV";2004;77,83;42,91;28,3;27,05;92,1;92,1;73,84;59,23;81,94;39,49;95,06;29,9
"METIKALOV";2005;93,58;68,47;26,13;28,76;78,29;71,21;96,89;63,91;62,08;27,39;21,57;70,87
"METIKALOV";2006;20,31;31,61;66,53;86,05;131,47;85,82;63,91;88,33;27,16;36,52;45,53;24,76
"METIKALOV";2007;84,68;48,96;40,74;14,38;108,41;86,39;100,43;103,05;105,45;24,42;90,16;25,45
"METIKALOV";2008;26,25;30,24;81,03;88,9;49,87;59,23;56,15;43,82;54,78;64,14;36,86;39,83
"METIKALOV";2009;20,66;33,78;61,17;60,71;74,86;78,74;95,98;36,52;35,95;61,97;66,99;70,53
"METIKALOV";2010;49,98;26,48;37,77;37,89;97,8;62,65;113,89;134,09;68,59;17,57;110,7;87,19
"METIKALOV";2011;42,85;12,97;18,36;27,57;67,44;68,17;144,77;94,9;47,24;38,67;1,82;105,49
"METIKALOV";2012;97,51;22,88;20,01;43,96;42,69;66,45;99,01;49,47;38,04;62,37;66,35;65,94
"METIKALOV";2013;39,14;63,18;22,17;25,98;108,07;131,24;28,21;141,89;59,53;49,29;41,81;16,65
"METIKALOV";2014;27,36;5,46;19,83;45,94;112;38,49;108,12;82,27;87,49;56,52;33,04;46,04
"METIKALOV";2015;57,29;4,79;51,47;51,58;28,64;89,24;40,06;69,61;26,36;65,85;100,77;21,57
"PLAVEC";1901;59,12;32,4;71,81;35,14;67,45;47,92;90,91;25,03;9,86;46,6;39,5;51,17
"PLAVEC";1902;24,43;28,82;40,17;44,33;49,45;53,33;84,33;50,93;40,37;48,46;36,63;31,98
"PLAVEC";1903;37,93;24,11;36,69;13,87;29,46;87,99;65,36;56,24;54,47;48,65;7,74;50,91
"PLAVEC";1904;26,26;24,71;22,78;64,43;32,36;82,19;125,1;84,95;50,41;50,85;48,68;55,83
"PLAVEC";1905;7,28;38,65;39,76;54,91;51,79;33,59;17,63;23,1;80,7;59,89;48,93;36,48
"PLAVEC";1906;30,21;21,29;40,7;51,18;74,4;42,06;56,77;62,87;41,82;46,98;66,21;28,56
"PLAVEC";1907;25,73;21,29;52,34;28,87;62,88;74,64;113,37;43,23;104,53;23,01;32,37;33,27
"PLAVEC";1908;39,77;11,88;29,95;63,28;39,64;52,99;99,1;57,45;24,25;31,98;21,72;54,92
"PLAVEC";1909;16,88;34,88;16,87;38,4;59,05;31,11;71,63;80,51;28,19;1,53;21,89;23,09
"PLAVEC";1910;16,97;55,14;36,71;30,66;70,53;86,93;87,56;61,35;65,58;13,17;19,83;39,45
"PLAVEC";1911;19,75;23,64;16,47;21,43;92,89;128,1;80,63;77,04;97,21;30,24;66,19;41,82
"PLAVEC";1912;22,81;33,92;36,43;32,22;119,5;23,81;29,05;50,6;36,07;22,24;29,02;42,22
"PLAVEC";1913;30,96;31,04;25,92;24,21;78;98,2;108,4;86,12;72,08;31,25;31,58;26,06
"PLAVEC";1914;28,93;8,41;21,07;13,53;49,27;84,24;63,26;66,59;48,41;18,35;40,07;38,37
"PLAVEC";1915;13,09;5,57;33,69;14,48;51;33,49;142,99;46,93;49,8;26,54;25,58;44,2
"PLAVEC";1916;48,28;19,84;53,49;41,23;20,67;111,64;86,65;83,75;52,95;92,06;30,96;38
"PLAVEC";1917;39,7;34,67;29,26;52,7;39,58;78,9;82,68;63,37;61,56;25,18;35,08;34,25
"PLAVEC";1918;55,91;8,05;37,8;66,74;25,26;29,76;38,85;51,7;11,03;45,27;32,2;40,74
"PLAVEC";1919;26,1;31,13;10,72;47,26;9,04;66,25;84,37;73,11;43,18;57,85;30,19;54,63
"PLAVEC";1920;24,91;20,31;39,79;46,54;51,24;89,5;93,08;35,93;44,27;68,22;48,53;40,7
"PLAVEC";1921;68,8;20,31;14,37;51,44;62,3;73,67;117,54;63,75;35,93;2,36;27,89;59,85
"PLAVEC";1922;44,29;44,33;1,22;62,29;44,32;37,75;16,08;18,88;30,95;51,27;19,72;27,75
"PLAVEC";1923;34,91;21,17;38,76;27,34;20,99;28,81;49,54;62,99;69,98;76,98;26,7;31,43
"PLAVEC";1924;52,07;30,6;25,23;54,41;29,63;60,42;37,28;44,87;31,11;61,05;41,06;52,66
"PLAVEC";1925;16,47;27,63;11,64;59,1;75,78;66,44;34,44;37,3;39,76;20,08;22,92;46,19
"PLAVEC";1926;15,18;15,63;34,1;44,29;78,44;51,51;119,2;97,18;16,29;47,99;45,73;18,48
"PLAVEC";1927;25,69;43,96;31,41;25;79,43;155,43;69,22;39,75;33,5;40,96;36,65;34,67
"PLAVEC";1928;57,45;5,48;37,16;59,5;28,63;70,64;91,21;26,25;35,15;23,63;19,59;26,79
"PLAVEC";1929;22,04;40,09;28,83;48,81;80,11;74,86;25,45;54,18;34,69;17,77;29,6;18,59
"PLAVEC";1930;40,25;23,67;7,37;19,48;80,38;55,6;102,03;41,31;16,74;31,16;49,49;32,37
"PLAVEC";1931;18,66;13,75;17,26;54,03;53,77;37,07;58,76;102,34;49,85;93,89;46,1;50,01
"PLAVEC";1932;21,05;51,52;8,9;33,52;13,2;51,42;75,05;97,11;36,59;38,08;37,58;43,44
"PLAVEC";1933;17,1;13,96;9,2;9,3;76,3;21,82;63,04;46,79;19,9;22,34;23,47;19,77
"PLAVEC";1934;19,04;38,6;2,66;24,12;53,93;63,24;80,36;45,27;39,06;34,33;36,63;14,66
"PLAVEC";1935;18,42;24,88;13,33;30,98;28,98;94,45;9,38;105,11;21,6;23,78;27,82;32,39
"PLAVEC";1936;19,98;54,51;13,2;38,62;78,48;38,39;39,35;36,54;34,31;85,87;28,36;33,14
"PLAVEC";1937;27,39;32,98;18,51;18,81;112,22;60,25;147,03;54,12;30,22;41,53;19,14;14,91
"PLAVEC";1938;27,3;31,96;40,33;55,56;24,1;63,8;106,37;90,33;126,16;11,9;26,97;31,33
"PLAVEC";1939;27,25;6,39;14,55;40,01;30,43;20,72;67,43;160,36;31,63;27,28;29,29;32,6
"PLAVEC";1940;28,67;7,45;43,95;6,54;103,11;102,98;111,98;75,29;54,44;71,87;47,4;41,62
"PLAVEC";1941;17,2;13,05;34,24;48,39;97,93;66,82;56,34;45,46;41,83;40,67;45,68;31,5
"PLAVEC";1942;45,44;43,38;54,58;81,78;37,76;111,42;88,76;88,17;14,04;69,15;25,84;29,89
"PLAVEC";1943;26,64;23,27;11,91;43,29;66,85;80,66;58,35;54,31;35,53;32,24;26,71;23,26
"PLAVEC";1944;16,23;8,56;7,23;59,64;31,66;84,89;68,33;31,4;42,02;4,3;32,33;18,98
"PLAVEC";1945;25,69;26,6;33,59;15,91;78,02;101,95;65,52;26,81;16,25;99,21;42,72;24,86
"PLAVEC";1946;32,14;21,22;16,74;46,83;52,29;63,9;28,69;54,19;54,73;41,71;64,42;24,3
"PLAVEC";1947;23,74;46,66;18,29;7,44;51,25;83,8;94,08;115,9;12,78;48,52;43,37;39,48
"PLAVEC";1948;14,9;56,94;14,73;47,2;19,34;67,07;59,39;15,01;5,05;5,56;42,85;55,61
"PLAVEC";1949;59,26;60,16;7,63;22,19;33,49;62,43;72,5;74,78;11,38;40,71;6,46;12,12
"PLAVEC";1950;14,68;9,06;15,55;30,64;116,58;42,49;62,4;82,8;39,06;4,13;59,04;22,04
"PLAVEC";1951;33,16;15,47;10,78;25,06;34,08;13,87;93,8;49,96;70,02;59,88;61,77;41,02
"PLAVEC";1952;22,77;8,03;31,36;11,95;70,16;100,75;62,99;72,65;31,34;2,33;46,67;26,88
"PLAVEC";1953;21,56;29,34;38,94;16,51;46,08;85,23;25,5;47,72;45,37;34,82;43,52;23,5
"PLAVEC";1954;25,52;13,95;5,5;19,33;30,34;118,74;110,91;22,5;26,76;25,08;7,36;10,24
"PLAVEC";1955;25,98;12,32;5,74;44,17;74,33;58,22;103;41,22;44,75;45,28;19,02;81,92
"PLAVEC";1956;28,36;25,7;22,42;30,11;44,02;59,45;64,18;108,3;56,2;20,36;17,16;20,12
"PLAVEC";1957;12,53;21,08;27,4;63,32;24,68;69,74;47,6;51,73;11,9;73,26;31,41;15,07
"PLAVEC";1958;18,25;26,48;26,48;27,14;28,01;21,08;116,72;60,05;40,07;3,15;41,69;19,33
"PLAVEC";1959;26,92;34,13;20,73;26,9;27,28;89,2;54,93;83,83;50,75;46,25;25,51;41,69
"PLAVEC";1960;13,62;6,37;23,64;29,94;36,15;70,97;120,8;58,8;3,72;6,11;28,09;68,18
"PLAVEC";1961;14,82;28,16;22,92;43,05;84,08;81,84;72,17;64,39;23,41;45,1;53,9;39,85
"PLAVEC";1962;37,86;45,64;37,95;19,43;99,72;52,62;36,59;43,33;25,75;37,65;70,68;23,29
"PLAVEC";1963;23,91;19,43;37,58;20,04;72,18;60,75;17,03;68,21;54,49;16,82;32,69;6,23
"PLAVEC";1964;5,27;22,57;34,38;38,02;60,38;79,22;47,59;107,73;8,67;89,68;15,93;31,55
"PLAVEC";1965;29,83;22,11;39,99;67,59;112,04;95,72;81,82;75,58;24,57;7,6;28,58;36,89
"PLAVEC";1966;17,7;26,93;17,83;50,56;50,33;87,54;117,63;86,4;26,95;22,91;33,11;52,49
"PLAVEC";1967;23,65;20,24;28,99;25,11;80,25;67,17;32,94;31,59;108,8;12,16;12,95;45,28
"PLAVEC";1968;45,7;17,9;17,58;29,76;51,19;39,56;41,88;164,28;35,21;39,34;40,67;12,95
"PLAVEC";1969;36,28;43,52;29,79;11,1;102,62;86,46;41,04;67,46;8,14;8,23;35,83;33,47
"PLAVEC";1970;9,97;78,39;44,69;28,21;38,87;70,17;43,7;57,34;11,72;35,4;61,19;18,16
"PLAVEC";1971;13,99;17,93;39,66;24,6;57,99;89,24;23,58;63,47;50,28;10,02;35,63;16,09
"PLAVEC";1972;28,81;32,73;14,14;65,92;101,77;70,62;61,76;36,16;30,13;11,88;24,22;4,66
"PLAVEC";1973;16,34;17,28;7,05;56,26;28,35;60,41;65,26;15,73;46,3;19,97;25,03;15,1
"PLAVEC";1974;32,13;13,72;8,24;9,26;78,59;89,5;83,21;69,72;30,41;39,49;47,51;60,28
"PLAVEC";1975;22,08;2,1;39,62;10,81;42,43;131,94;45,17;90,04;15,33;38,63;32,86;21,91
"PLAVEC";1976;76,48;23,25;8,94;22,18;36,62;24,79;99,45;55,4;41,74;42,03;50,69;24,01
"PLAVEC";1977;55,72;59,26;40,59;32,96;17,41;49,76;53,66;103,09;38,01;13,8;26,89;19,69
"PLAVEC";1978;22,6;20,5;19,87;35,41;55,47;27,64;42,43;32,17;26,2;15,44;15,42;20,54
"PLAVEC";1979;30,96;39,37;57,48;46,66;15,61;78,43;57,82;66,88;62,25;9,59;69,81;39,58
"PLAVEC";1980;17,99;20,23;28,14;60,8;49,92;54,15;80,91;32,4;17,94;68,32;26,47;22,31
"PLAVEC";1981;30,73;14,71;32,34;18,88;29,82;48,71;108,08;27,11;117,91;71,51;24,65;38,51
"PLAVEC";1982;37,74;3,74;38,92;12,42;70,44;70,7;84,61;94,47;22,42;38,83;16,87;40,75
"PLAVEC";1983;20,39;41,25;15,44;55,92;63,96;68,34;22,71;20,43;37,79;16,44;21,66;22,28
"PLAVEC";1984;25,27;40,35;26,95;50,5;81,7;47,55;60,33;56,63;78,03;19,46;36,28;15,63
"PLAVEC";1985;31,82;26,94;45,78;17,99;117,91;68,07;94,3;145,56;11,87;10,55;81;37,59
"PLAVEC";1986;46,26;23,74;16,97;10,7;66,8;88,89;112,22;68,75;17,61;35,13;24,13;41,4
"PLAVEC";1987;63,04;40,37;36,5;15,25;118,37;110,43;94,33;48,17;44,87;24,94;20,96;33,32
"PLAVEC";1988;17,08;45,59;45,06;19,04;32,02;76,93;71,49;67,7;33,7;23,36;20,3;47,4
"PLAVEC";1989;13,16;17,01;17,14;82,92;52,75;66,86;43,56;71,44;48,03;12,57;15,61;14,6
"PLAVEC";1990;4,18;53,88;21,59;59,97;52,59;57,29;24,75;17,15;50,59;37,22;47,78;17,21
"PLAVEC";1991;4,24;10,47;25,85;18,12;77,49;70,16;66,52;38,28;19,25;8,73;58,7;47,38
"PLAVEC";1992;15,44;15,45;49,6;22,68;22,03;44,26;46,5;49,92;40,4;54,56;38,84;27,43
"PLAVEC";1993;25,68;19,2;7,39;13,29;47,77;84,58;71,7;63,6;33,26;51,56;40,66;42,43
"PLAVEC";1994;14,92;10,48;28,09;55,91;51,87;21,92;73,37;31,85;25,81;31,32;21,08;33,65
"PLAVEC";1995;27,04;21,3;33,71;47,14;48,83;66,12;72,03;64,35;110,22;6,23;45,25;45,28
"PLAVEC";1996;38,85;16,34;29,73;56,79;105,06;97,18;50,25;74,22;58,37;45,98;29,39;28,65
"PLAVEC";1997;14,13;19,64;37,83;42,3;58,3;68,81;183,19;52,19;28,45;24,26;59,35;33,74
"PLAVEC";1998;10,88;3,49;21,6;25,01;43,93;97,71;78,37;21,73;59,02;59,19;24,06;6,43
"PLAVEC";1999;10,02;37,94;18,81;49,64;53,34;87,8;137,6;71,95;33,88;19,49;29,03;30,42
"PLAVEC";2000;41,69;20,95;78,69;12,08;50,78;19,85;79,88;75,64;43,49;51,06;25,84;38,23
"PLAVEC";2001;29,59;13,96;49,97;38,3;51,35;32,51;85,68;66,06;68,94;15,61;32,48;37,57
"PLAVEC";2002;12,85;24,63;41,61;30,56;31,01;145,22;53,36;164,88;46,27;80,69;56,19;55,17
"PLAVEC";2003;33,87;4,24;11,66;21,71;64,11;18,85;55,72;29,78;31,76;52,14;27,02;39,24
"PLAVEC";2004;55,31;27,17;59,39;36,97;39;81,19;31,44;39,58;52,3;49,27;38,67;11,36
"PLAVEC";2005;38,12;37,9;9,75;55,7;66,57;34,35;97,88;103,26;41,92;6,48;14,85;37,7
"PLAVEC";2006;37,71;20,41;67,76;55,87;72,9;92,16;36,32;127,88;7,81;11,71;21,44;9,99
"PLAVEC";2007;49,35;32,94;56,42;1,01;63,83;59,68;60,45;33,06;101,19;35,32;55,32;16,28
"PLAVEC";2008;23,31;10,03;49,6;30,17;35,4;32,92;93,88;44,83;43,06;15,77;46,83;19,29
"PLAVEC";2009;16,58;52,14;74,65;9,68;65,55;149,75;135,81;51,59;21,99;27,56;41,13;35,09
"PLAVEC";2010;56,18;20,28;20,26;62,09;95,74;106,45;122,02;147,76;90,19;13,57;27,17;32,48
"PLAVEC";2011;18,37;4,52;31,7;16,64;67,99;53,5;70,66;50,01;57,65;34,71;3,9;14,91
"PLAVEC";2012;41,04;18,42;8,92;39,16;47,73;89,32;86,71;53,97;30,76;37,13;17,21;35,01
"PLAVEC";2013;37,51;48,55;44,95;15,4;90,98;113,27;23,97;59,25;52,05;37,4;17,28;18,77
"PLAVEC";2014;21,33;12,06;11,09;16,42;86,59;31,32;105,07;69,29;136,48;26,15;32,81;22,64
"PLAVEC";2015;31,73;4,73;33,56;11,4;43,53;32,39;22,87;58,27;41,46;68,08;50,36;19,84
"STRIBRNE_HORY";1901;84,45;67,08;77,48;36,64;43,03;96,03;104,77;38,34;27,93;48,42;33,64;72,14
"STRIBRNE_HORY";1902;36,73;39,13;45,72;78,39;49,44;54,46;72,45;104,96;24,59;73,03;63,37;54,32
"STRIBRNE_HORY";1903;56,83;17,93;74,46;20,14;54,82;96,3;143,68;57,14;35,33;66,61;56,73;58,87
"STRIBRNE_HORY";1904;28,32;51,79;24,46;70,49;48,82;89,58;160,24;117,5;56,05;73,04;9,68;89,9
"STRIBRNE_HORY";1905;15,39;75,8;35,75;94,77;74,11;42,65;17,15;24,23;59,2;74,96;117,85;39,77
"STRIBRNE_HORY";1906;69,52;48,37;55,84;65,87;86,3;58,57;73,78;80,18;72,86;79,23;95,64;46,15
"STRIBRNE_HORY";1907;54,91;27,44;100,1;19,4;80,57;80,88;75,07;53,24;149,32;40,55;60,29;57,26
"STRIBRNE_HORY";1908;91,43;21,88;64,46;58,53;48,83;75,97;162,92;74,44;57,21;36,85;43;72,33
"STRIBRNE_HORY";1909;41,18;81,73;29,37;38,2;81,1;82,96;68,31;121,24;41,91;1,53;45,44;95,91
"STRIBRNE_HORY";1910;33,04;93,99;42,37;81,57;58,18;104,01;154,99;49,55;60,35;26,95;35,53;18,84
"STRIBRNE_HORY";1911;50,73;20,03;24,7;46,88;140,69;104,96;120,46;125,9;190,96;37,51;44,79;85,71
"STRIBRNE_HORY";1912;50,63;67,67;56;48,05;91,27;24,81;32,48;52,93;48,2;30,21;126,47;59,69
"STRIBRNE_HORY";1913;51,17;46,25;31,45;38,74;56,91;114,73;69,85;130,16;58,49;43,55;67,15;61,46
"STRIBRNE_HORY";1914;41,6;23,27;46,88;32,2;46,27;123,77;86,24;141,31;54,98;17,03;61,34;52,59
"STRIBRNE_HORY";1915;36,45;14,02;71,23;31,36;48,45;35,2;154,87;70,19;95,43;64,52;58,48;87,57
"STRIBRNE_HORY";1916;71,34;32,38;108,54;85,87;51,75;85,27;105,68;125,67;74,35;117,1;30,55;56,72
"STRIBRNE_HORY";1917;95,94;55,8;33,57;36,27;39,14;134,26;109,39;86,13;47,64;43,49;64,74;48,92
"STRIBRNE_HORY";1918;69,49;28,03;58,67;132,36;32,58;29,73;54,99;96,25;15,4;50,17;55,9;68,45
"STRIBRNE_HORY";1919;40,97;54,29;15,18;57,45;27,23;62,96;127,05;81,19;60,27;60,65;30,52;37,97
"STRIBRNE_HORY";1920;27,61;27,45;70,46;63,04;67,39;95,28;83,82;49,6;58,79;58,82;31,69;93,07
"STRIBRNE_HORY";1921;90,58;42,48;24,42;76,01;78,97;65,81;104,03;106,55;50,63;3,52;92,26;79,87
"STRIBRNE_HORY";1922;87,64;43,24;2,82;66,99;32,43;62,5;7,82;54,76;21,96;43,59;6,32;38,85
"STRIBRNE_HORY";1923;58,08;33,01;62,51;43,57;16,25;50,87;107,85;97,91;92,23;91,38;25,48;47,4
"STRIBRNE_HORY";1924;79,01;47,3;11,68;57,17;54,28;83,15;55,72;56,91;52;101,75;84,35;74,86
"STRIBRNE_HORY";1925;43,18;39,39;23,83;72,07;90,09;72,18;39,91;63,07;71,06;51,91;47,87;82,05
"STRIBRNE_HORY";1926;36,89;24,7;76,19;46,55;93,9;54,26;121,2;140,58;24,43;108,14;54,35;25,05
"STRIBRNE_HORY";1927;44,76;41,42;47,43;37,79;76,29;244,26;113,09;65,21;49,82;54,26;54,33;79,13
"STRIBRNE_HORY";1928;79,12;18,16;53,73;116,55;31,23;74,77;130,04;31,16;81,29;35,38;20,76;79,92
"STRIBRNE_HORY";1929;52,3;56,16;25,23;103,68;141,15;65,86;31,26;86,9;32,55;30,91;31,25;18,67
"STRIBRNE_HORY";1930;50,43;27,52;14,58;25,6;92,02;54,94;98,21;50,62;16,77;47,54;62,59;45,6
"STRIBRNE_HORY";1931;36,86;3,75;35,8;47,14;39,12;24,94;96,25;108,43;71,14;169,6;46,82;52
"STRIBRNE_HORY";1932;54,52;50,95;16,09;62,9;19,15;101,64;104,44;111,03;107,64;43,16;76,76;52,88
"STRIBRNE_HORY";1933;68,22;19,64;11,88;29,05;101,57;63,83;140,81;82,46;35,31;34,45;17,38;48,88
"STRIBRNE_HORY";1934;29,74;92,52;4,29;42,87;85,15;79,25;109,35;49,77;43,2;34,74;35,49;10,45
"STRIBRNE_HORY";1935;30,36;33,46;30,14;29,72;36,8;112,04;27,38;122,14;29,12;55,76;32,98;27,77
"STRIBRNE_HORY";1936;32,25;92,5;51,88;43,89;98,22;26,81;43,64;40,5;40,32;143,83;34,35;47,32
"STRIBRNE_HORY";1937;43,14;37,36;14,26;37,75;146,97;50,85;124,88;67,81;65,66;66,21;30,28;21,21
"STRIBRNE_HORY";1938;42,24;64,8;50,94;74,24;58,47;81,16;125,32;80,55;90,72;18,09;29,14;28,29
"STRIBRNE_HORY";1939;78,81;33,54;39,59;53,41;63,8;69,8;71,43;265,5;51,84;44,77;36,98;45,55
"STRIBRNE_HORY";1940;29,42;23,03;98,29;14,11;105,18;124,39;109,58;90,54;82;92,06;55,87;30,26
"STRIBRNE_HORY";1941;23,05;31,02;53,87;33,51;101,12;43,99;99,73;70,43;101,44;52,07;81,98;49,78
"STRIBRNE_HORY";1942;67,64;52,19;59,28;101,16;57,6;116,7;101,79;100,89;52,16;122,2;47,83;59,52
"STRIBRNE_HORY";1943;37,01;24,98;13,49;51,8;101,7;94,95;84,46;37,72;49,23;76,83;27,63;74,32
"STRIBRNE_HORY";1944;27,54;18,95;23,44;70,61;57,14;96,44;74,64;41,51;42,6;1,79;46,14;13,27
"STRIBRNE_HORY";1945;97,26;61,41;94,88;25,13;83,77;75,33;124,48;26,78;40;81,55;40,22;26,52
"STRIBRNE_HORY";1946;40,16;54;40,48;75,67;81,55;93,41;41,62;67,76;69,94;58,14;65,91;40,3
"STRIBRNE_HORY";1947;28,95;82,7;9,53;11,39;59,49;96,77;129,83;158,9;18,69;71,39;67,95;32,22
"STRIBRNE_HORY";1948;31,99;64,05;34,49;39,27;12,5;54,31;58,97;36,5;13,04;10;34,75;38,54
"STRIBRNE_HORY";1949;94,48;106,42;26,07;22;84,03;47,29;72,24;141,82;18,96;50,58;114,49;108,58
"STRIBRNE_HORY";1950;28,8;28,6;49,91;79,87;124,62;113,53;89,15;73,47;21,21;4;14,77;14,25
"STRIBRNE_HORY";1951;59,83;31,63;12,53;45,51;68,98;36,69;121,52;73,68;71,61;60,68;76,83;44,67
"STRIBRNE_HORY";1952;43,39;12,44;45,65;21,43;96,94;118,49;54,62;66,37;35,21;3,11;62,56;45,87
"STRIBRNE_HORY";1953;37,66;70,78;41,77;32,01;89,4;80,69;39,7;34,66;78,44;63,67;56,26;38,7
"STRIBRNE_HORY";1954;60,05;36,83;20,99;25,99;59,91;152,33;136,62;31,44;17,68;32,85;72,35;35,84
"STRIBRNE_HORY";1955;51,41;10,44;23,65;73,07;69,01;54,64;156,79;47,35;70,75;66,76;6,13;17
"STRIBRNE_HORY";1956;39,99;40,05;31,01;78,87;72,28;54,25;126,91;102,5;54,74;19,7;25,09;116,28
"STRIBRNE_HORY";1957;24,6;37,2;42,54;80,21;24,8;127,31;100,54;111,04;39,97;116,54;23,96;63,04
"STRIBRNE_HORY";1958;31,65;43,6;85,04;53,28;26,17;48,07;218,5;91,87;80,22;4,6;75,22;43,77
"STRIBRNE_HORY";1959;55,7;60,82;30,36;61,63;52,77;101,99;108,92;97,07;59,94;95,57;22,79;33,76
"STRIBRNE_HORY";1960;27,25;12,1;20,64;42,04;81,57;102,88;134,7;47,62;2,13;9,81;17,78;53,68
"STRIBRNE_HORY";1961;20,08;59,21;73,49;34,69;104,99;112,25;90,69;64,03;35,64;50,78;42,22;46,8
"STRIBRNE_HORY";1962;46,65;61,26;44,41;35,18;148,31;56,04;69,96;37,56;58,87;34,45;59,48;39,03
"STRIBRNE_HORY";1963;33,46;17,65;33,24;22,53;110,19;126,77;33,53;95,94;94,46;26,86;57,25;9,58
"STRIBRNE_HORY";1964;13,1;32,09;32,28;35,91;77,69;110,28;54,82;200,8;29,13;112,58;50,75;32,06
"STRIBRNE_HORY";1965;64,22;45,42;46,8;81,85;131,39;112,65;118,89;84,99;54,96;12,89;34,3;67,66
"STRIBRNE_HORY";1966;34,57;54,97;53,21;39,22;74,5;151,67;148,21;128,33;50,27;30,03;34,37;85,47
"STRIBRNE_HORY";1967;55,11;47,31;53,9;52,12;88,05;88,02;103,1;58,85;125,73;27,51;33,7;105,41
"STRIBRNE_HORY";1968;85,94;28,07;46,64;29,24;65,31;80,21;77,25;98,19;49,76;51,57;32,84;20,65
"STRIBRNE_HORY";1969;49,94;35,35;41,72;34,98;102,53;102;29,55;63,74;11,09;24,14;46,96;27,64
"STRIBRNE_HORY";1970;10,91;92,62;56,18;37,94;36,27;98,16;111,35;89,93;37,62;82,5;79,81;38,5
"STRIBRNE_HORY";1971;21,04;38,75;38,02;54,48;86,8;131,32;39,95;40,19;41,81;18,87;46,76;36,84
"STRIBRNE_HORY";1972;28,18;30,52;14,75;93,35;103,96;52,26;49,33;68,89;61,66;22,95;36,7;3,05
"STRIBRNE_HORY";1973;22,34;51,56;27,75;60,21;61,84;79,35;122,9;64,47;28,48;40,38;48,71;42,98
"STRIBRNE_HORY";1974;52,09;21,38;14,67;18,57;102,04;139,36;88,62;57,75;16,4;107,6;41,48;137,79
"STRIBRNE_HORY";1975;39,6;17,88;45,21;32,68;93,19;121,65;91,9;77,56;19,75;51,15;49,37;33,6
"STRIBRNE_HORY";1976;136,46;15,46;25,79;17,45;69,86;36,96;42,34;63,52;68,48;36,09;84,05;39,81
"STRIBRNE_HORY";1977;71,38;68,67;46,65;54,97;59,38;68,71;92,44;153,68;56,57;25,2;84,82;29,43
"STRIBRNE_HORY";1978;37,43;14,48;39,85;49,74;66,63;38,34;82,44;110,49;76,97;50,07;32,04;51,21
"STRIBRNE_HORY";1979;45,84;31,47;65,6;52,87;25,08;114,99;77,06;69,09;70,89;28,83;83,94;68,48
"STRIBRNE_HORY";1980;33,79;46,98;21,79;99,82;24,79;84,59;190,94;54,06;47,38;59,82;37,86;43,25
"STRIBRNE_HORY";1981;85,44;37,09;80,19;35,57;45,81;35,99;151,35;71,1;57,2;93,45;73,6;65,85
"STRIBRNE_HORY";1982;54,83;11,97;39,83;41,4;65,4;76,86;71,63;73,26;29,12;25;24,26;66,29
"STRIBRNE_HORY";1983;98,03;45,6;41,33;55,49;85,78;54,81;21,36;67,77;42,48;26,78;41,08;31,94
"STRIBRNE_HORY";1984;52,43;40,93;28,46;49,96;62,52;77,65;108,51;43,17;101,69;25,31;33,57;27,04
"STRIBRNE_HORY";1985;49,33;51,07;30,25;37,61;138;71,72;82,76;143,13;46,04;13,9;55,43;58,88
"STRIBRNE_HORY";1986;76,76;13,06;37,96;49,22;109,81;83,02;74,48;112,76;23,11;45,52;30,17;116,42
"STRIBRNE_HORY";1987;79,52;40,11;43,48;40,97;136,65;132,01;87,67;94,12;96,58;28,05;56,78;66,78
"STRIBRNE_HORY";1988;33,24;67,74;71,34;14,95;25,81;89,02;78,55;125,9;54,25;23,26;63,11;97,96
"STRIBRNE_HORY";1989;23,53;42,32;33,12;78,82;56,61;97,39;54,66;55,67;94,78;33,8;28,85;31,44
"STRIBRNE_HORY";1990;10,58;53,27;25;80,23;39,26;74,91;30,96;30,58;67,5;26,13;67,09;44,02
"STRIBRNE_HORY";1991;16,61;16,83;30,08;39,52;72,96;85,84;110,55;95,77;28,84;20,6;68,86;86,37
"STRIBRNE_HORY";1992;39,88;47,42;88,91;26,69;9,05;66,81;59,4;64,74;28,53;66,67;34,49;60,57
"STRIBRNE_HORY";1993;51,77;51,49;41,53;32,24;64,16;105,1;67,78;75,06;62,75;46,8;39,59;79,23
"STRIBRNE_HORY";1994;58,85;13,08;83,55;51,81;69,51;26,04;52,96;96,68;95,37;35,37;45,77;85,28
"STRIBRNE_HORY";1995;71,98;36,4;66,39;69,52;89,85;117,7;58,6;120,49;130,41;6,4;72,18;38,72
"STRIBRNE_HORY";1996;19,25;32,86;35,42;41,82;84,65;80,06;94,86;83,53;75,65;56,49;37,74;25,87
"STRIBRNE_HORY";1997;17,31;46,21;55,41;63,18;76,56;74,39;276,24;46;16,13;48,3;46,45;53,13
"STRIBRNE_HORY";1998;28,75;15,24;66,22;29,58;32,47;134,22;134,71;41,49;114,53;108,18;51,18;46,33
"STRIBRNE_HORY";1999;39,2;86,37;48,88;36,01;55,62;118,96;95,37;63,63;37,87;36,19;36,19;59,72
"STRIBRNE_HORY";2000;77,91;56,94;160,82;25,5;60,69;39,44;126,61;38,74;40,94;40,36;38,39;35,85
"STRIBRNE_HORY";2001;38,93;47,54;53,49;54,48;117,45;75,87;144,19;98,01;103,12;28,81;61,66;62,41
"STRIBRNE_HORY";2002;31,39;85,69;36,15;45,35;54,17;68,16;87,36;217,92;40,97;80,76;55,06;54,18
"STRIBRNE_HORY";2003;58,97;12,88;15,39;33,77;126,66;24,26;90,75;37,97;41,33;76,4;19,19;71,04
"STRIBRNE_HORY";2004;81,96;68,04;60,89;56,53;51,31;79,94;83,08;68,98;48,25;38,2;101,28;17,42
"STRIBRNE_HORY";2005;96,26;77,52;44,5;29,69;95,85;51,72;176,96;88,19;49,28;4,39;30,26;85,45
"STRIBRNE_HORY";2006;50,45;57,43;93,77;78,72;88,73;63,72;25,59;212,12;20,08;49,45;80,06;24,6
"STRIBRNE_HORY";2007;90,16;63,97;66,66;3,8;75,18;73,8;70,47;35,77;169,76;31,96;116,47;37,62
"STRIBRNE_HORY";2008;43,55;29,45;74,5;36,56;63,21;76,12;89,99;77,35;54,7;36,32;59,66;35,45
"STRIBRNE_HORY";2009;26,81;94,79;108,71;8,68;98;120,34;115,31;98,26;26,53;81,43;33,27;71,55
"STRIBRNE_HORY";2010;71,54;18,91;45,67;76,73;121,72;75,16;141,09;168,3;89,09;6,67;49,32;71,19
"STRIBRNE_HORY";2011;49,43;12,28;21,84;43,82;72,2;81,96;154,47;69,66;85,55;40,02;0,87;58,1
"STRIBRNE_HORY";2012;114,72;44,78;21,14;32,35;74,61;66,19;109,1;82,31;51,06;49,76;24,2;65,94
"STRIBRNE_HORY";2013;79,73;46,91;29,34;15,29;119,29;157,25;38,54;70,41;108;44,48;24,14;23,67
"STRIBRNE_HORY";2014;23,82;10,17;59,75;37,88;127,66;35,61;97,76;126,5;116,49;30,48;19,78;45,26
"STRIBRNE_HORY";2015;73,25;11,07;58,6;25,74;55,53;50,67;44,63;84,25;34,5;51,62;112,94;23,96
"TUCHORAZ";1901;85,04;64,84;91,02;48,8;71,08;93,83;81,11;15,61;28,41;56,69;22,87;58,26
"TUCHORAZ";1902;15,38;28,89;60,11;94,13;32,87;52,21;74,89;50,69;29,87;57,32;61,63;51,26
"TUCHORAZ";1903;51,14;18,83;49,8;46,7;44,8;63,6;80,11;55,55;35,57;52,48;40,03;51,43
"TUCHORAZ";1904;19,48;30,23;16,96;65,68;56,56;63,83;128,7;84,38;51,32;54,23;2,66;67,53
"TUCHORAZ";1905;21,91;39,12;22,98;70,54;74,61;27,19;12,96;11,45;47,22;57,32;44,23;30,06
"TUCHORAZ";1906;30,78;32,41;42,06;47,31;55,66;66,44;97,79;100,25;54,57;53,69;61,31;22,65
"TUCHORAZ";1907;50,48;28,18;62,79;16,52;93,22;67,7;51,77;50,15;158,28;18,09;36,08;19,46
"TUCHORAZ";1908;34,96;14,54;40,02;58,79;45,73;99,51;144,21;52,55;36,41;22,43;25,82;27,16
"TUCHORAZ";1909;24,41;37,52;29,17;44,78;73,22;72,7;60,57;57,12;50,3;1,48;30;51,42
"TUCHORAZ";1910;23,61;60,34;29,47;65,83;50,33;74,52;153,27;47,12;76,03;19,75;36,89;9,98
"TUCHORAZ";1911;19,94;27,39;23,54;29,49;70,96;144,64;87,62;78,51;138,74;16,03;39,78;73,76
"TUCHORAZ";1912;30,09;40,28;31,44;24,32;44,83;19,37;23,46;20,67;59,27;23,96;92,69;33,96
"TUCHORAZ";1913;34;34,83;36,29;32,34;46,78;128,39;53,13;165,95;40,07;38,88;32,61;64,87
"TUCHORAZ";1914;23,43;12,07;25,67;28,45;36,58;105,54;75,67;78,78;39,54;15,89;33,84;38,56
"TUCHORAZ";1915;24,91;16,09;62,25;26,33;102,88;74,27;117,98;67,93;56,03;49,29;44,43;68,03
"TUCHORAZ";1916;52,83;38,92;53,98;97,42;43,71;77,36;78,93;125,92;74,28;103,57;11,07;55,03
"TUCHORAZ";1917;62,67;39,02;58,06;36,52;47,74;169,33;101,19;93,28;35,9;33,87;63,14;43,28
"TUCHORAZ";1918;60,37;17,95;47,7;120,62;34,91;29,22;38,14;51,86;23,33;40,69;43,67;65,58
"TUCHORAZ";1919;28,91;44,43;10,18;70,46;26,44;51,47;124,81;59,85;38,49;42,81;23,57;27,2
"TUCHORAZ";1920;24,73;25,55;52,71;60,82;54,45;120,45;35,76;49,24;26,39;83,48;22,79;66,9
"TUCHORAZ";1921;95,66;25,08;26,04;80,58;86,45;43,45;81,25;108,19;26,29;7,67;102,01;75,79
"TUCHORAZ";1922;59;28,2;16,28;71,77;18,92;95,82;48,34;63,41;7,57;32,15;1,68;52,39
"TUCHORAZ";1923;40,83;40,2;77,66;26,53;4,04;59,35;96,1;114,49;103,32;73,49;19,65;22,8
"TUCHORAZ";1924;58,26;33,69;15,85;68,51;75,45;100,75;63,94;40,55;25,99;101,27;46,25;44,03
"TUCHORAZ";1925;24,02;30,82;37,2;44,04;68,84;101,92;31,01;61,22;54,94;28,73;46,59;52,38
"TUCHORAZ";1926;20,65;22,3;53,85;40,67;70,73;43,21;120,99;154,24;32,78;92,38;42,44;19,3
"TUCHORAZ";1927;39,66;32,3;30,87;26,17;114,67;238,08;123,54;53,73;46,97;56,16;37,07;46,02
"TUCHORAZ";1928;42,27;15,27;65,34;117,57;19,56;56,96;58,5;40,7;71,3;28,02;30,23;45,75
"TUCHORAZ";1929;40,41;46,04;25,88;112,62;86,1;53,22;23,7;118,58;39,59;25,58;33,5;16,92
"TUCHORAZ";1930;40,94;31,18;7,53;18,72;71,35;38,96;112,72;82,91;15,74;39,59;65,84;53,84
"TUCHORAZ";1931;20,66;1,93;26,89;78,76;73,77;34,72;54,95;70,56;51,4;106,28;37,23;46,65
"TUCHORAZ";1932;29,64;31,67;30;46,04;47,41;87,79;118,41;58,81;64,38;23,58;61,14;45,96
"TUCHORAZ";1933;31,93;8,97;15,07;36,35;147,15;93,08;82,3;48,9;36,96;47,55;7,56;41,43
"TUCHORAZ";1934;18,38;49,51;5,15;35,64;50,78;85,88;66,93;47,98;17,84;42,46;24,32;6,56
"TUCHORAZ";1935;24,43;26,24;23,88;45,62;14,65;111,23;28,28;132,77;35,83;51,34;21,55;16,51
"TUCHORAZ";1936;31,42;41,85;50,65;51,71;54,3;35,74;22,07;19,98;43,91;141,38;33,89;35,33
"TUCHORAZ";1937;44,5;33,26;17,77;48,76;90,79;57,94;135,25;46,7;65,47;50,6;48;13,12
"TUCHORAZ";1938;29,11;68,1;42,98;82,66;31,53;67,58;84,82;91,78;73,23;25,79;38,57;17,84
"TUCHORAZ";1939;62,65;22,34;24,19;32,24;75,71;82,04;69,49;169,99;52;39,41;28,21;34,96
"TUCHORAZ";1940;26,13;24,09;64,19;21,5;112,06;113,68;102,59;71,75;96,53;73,39;55,26;32,83
"TUCHORAZ";1941;20,08;21,55;64,53;25,29;109,04;49;142,01;94,89;127,76;63,49;72,21;84,41
"TUCHORAZ";1942;65,59;58,36;61,32;133,76;101,99;79,34;58,53;91,8;46,45;117,06;41,51;55,12
"TUCHORAZ";1943;27,17;29,07;12,78;34,49;103,77;75,61;81,49;47,91;35,34;70,42;27,1;58,5
"TUCHORAZ";1944;15,59;15,12;15,13;41,06;38,88;78,46;37,18;86,45;44,06;1,88;35,49;11,87
"TUCHORAZ";1945;52,18;54,84;59,88;37,2;48,52;108,59;138,76;39,3;57,39;87,29;21,95;16,3
"TUCHORAZ";1946;28,12;40,66;34,2;60,11;102,08;55,1;39,56;118,15;51,94;55,89;45,87;32,86
"TUCHORAZ";1947;21,11;53,67;14,81;13,65;96,43;79,71;142,93;110,13;38,26;89,27;52,76;28,69
"TUCHORAZ";1948;25,51;51,5;35,72;20,49;27,2;47,58;30,92;8,73;17,45;7,13;18,92;46,03
"TUCHORAZ";1949;67,21;90,49;18,6;19,45;92,87;54,11;80,81;148,06;5,95;41,32;72,45;67,95
"TUCHORAZ";1950;19,3;21,68;50,46;43,8;107;99,08;63,14;61,14;28,7;4,19;14,03;11,01
"TUCHORAZ";1951;51,13;34,54;13,34;44,43;87,04;29,27;146,56;36,93;58,13;51,25;45,88;44,15
"TUCHORAZ";1952;32,73;14,33;55,35;30,38;84,02;103,5;38,64;98,38;12,33;2,93;63,28;42,46
"TUCHORAZ";1953;36,54;34,11;58,42;26,96;66,66;73,16;28,11;72,83;78,6;64,48;33,74;31,14
"TUCHORAZ";1954;52,31;33,93;14,4;13,08;53,38;105,01;126,64;34,41;10,85;14,22;66,39;46,69
"TUCHORAZ";1955;42,15;5,26;23,99;58,43;64,14;60,17;182,25;55,27;76,01;54,46;4,7;11,75
"TUCHORAZ";1956;33,13;34,35;36,14;53,52;58,16;55,2;147,24;69,06;78,93;16,29;20,78;68,34
"TUCHORAZ";1957;22,13;31,1;28,07;62,72;26,9;166,7;30,68;82,36;25,63;139,39;17,87;61,02
"TUCHORAZ";1958;28,37;43,96;68,04;28,44;28,16;41,33;224,18;69,09;64,22;5,07;43,16;39,92
"TUCHORAZ";1959;47,5;56,69;51,26;42,66;102,83;129,34;133,66;74,51;67,05;75,41;23,95;30,58
"TUCHORAZ";1960;23,11;10,42;12,6;36,93;65,22;67,52;92,3;57,27;4,85;10,94;15,75;51,46
"TUCHORAZ";1961;14,85;38,91;40,14;78,36;104,48;75,72;71,64;73,7;33,24;53,68;35,37;30,13
"TUCHORAZ";1962;26,41;41,62;37,82;44,62;102,67;17,77;97,65;44,18;46,93;24,13;27,71;25,14
"TUCHORAZ";1963;20,12;18,82;33,34;21,21;59,61;142,48;30,92;60,08;58,99;15,64;39,41;6,86
"TUCHORAZ";1964;18,6;22,65;39,02;40,79;63,58;97,32;28,25;128,61;24,46;115,67;45,37;25,54
"TUCHORAZ";1965;47,04;33,02;53,9;89,77;168,35;85,76;101,19;80,38;38,73;9,36;56,86;67,52
"TUCHORAZ";1966;26,7;49,96;50,29;55,34;70,19;85,04;136,52;179,83;26,91;53,97;28,86;64,48
"TUCHORAZ";1967;35,66;34,36;33,42;41,22;171,42;63,83;62,17;59,43;127,16;25,07;27,24;69,33
"TUCHORAZ";1968;56,65;25,76;34,32;41,94;67,81;94,54;61,2;132,76;42,74;36,92;62,43;21,96
"TUCHORAZ";1969;35,15;36,41;51,95;40,14;59,28;89,56;32,19;48,12;7,84;14,67;54,12;28,32
"TUCHORAZ";1970;13,19;85,04;62,03;68,46;60,22;77,2;37,57;106,14;31,83;59,07;62,97;37,07
"TUCHORAZ";1971;8,92;20,95;28,43;31,68;105,13;138,69;15,79;44,98;39,16;18,39;53,65;24,2
"TUCHORAZ";1972;24,06;13,15;21,78;49,17;114,01;109,71;60,94;38,26;83,38;15,57;17,16;2,38
"TUCHORAZ";1973;21,1;30,53;19,15;60,37;50,83;82,91;113,36;15,97;11,09;34,72;29,26;32,8
"TUCHORAZ";1974;38,47;19,44;31,79;13,47;105,27;121,09;86,3;98,15;35,37;105,05;38,94;102,42
"TUCHORAZ";1975;30,09;20,45;44,87;33,6;81,72;106,39;78,54;61,27;20,37;36,23;51,73;19,98
"TUCHORAZ";1976;71,13;12,54;28,79;21,78;61,85;47,29;26,44;47,61;48,01;64,52;63,29;19,94
"TUCHORAZ";1977;73,95;44,62;24,31;44,62;52,71;110,08;126,91;194,54;38,22;20,95;68,35;18,35
"TUCHORAZ";1978;29,55;17,02;24,96;44,9;118,89;42,7;53,76;101,95;63,44;40,14;20,3;49,93
"TUCHORAZ";1979;38,04;30,27;71,96;56,65;22,18;177,05;66,15;46,89;116,29;16,4;62,32;54,3
"TUCHORAZ";1980;26,52;33,52;44,47;93,17;52,82;97,72;153,17;34,93;56,28;78,65;41,44;46,06
"TUCHORAZ";1981;49,28;33,49;52,78;37,5;77,06;29,88;264,26;46,31;48,91;104,3;47,76;57,84
"TUCHORAZ";1982;30,02;8,09;51,59;30,92;40,61;68,46;80,78;73,77;13,29;15,86;27,78;42,41
"TUCHORAZ";1983;51,88;35,84;27,09;68,02;105,34;50,9;24,35;164,52;41,22;15,39;31,18;12,93
"TUCHORAZ";1984;31,83;37,86;32,37;63,69;75,07;41,91;79,55;67,12;89,52;27,38;24,49;13,69
"TUCHORAZ";1985;40,89;30,71;33,42;37,03;81,86;77,63;77,35;91,43;18,35;12,39;59,46;34,5
"TUCHORAZ";1986;48,01;16,98;29,62;37,93;116,29;49,75;83,88;116,04;26,3;40,89;24,85;61,63
"TUCHORAZ";1987;54,33;45,01;30,67;36,49;116,25;115,17;100;98,62;80,89;19,94;35,08;51,84
"TUCHORAZ";1988;33,24;41;57,4;10,22;33,13;110,26;150,75;104,3;63,58;19,04;45,77;69,47
"TUCHORAZ";1989;11,78;31,39;37,14;68,31;27,35;51,7;62,46;47,36;82,4;36,27;31,86;28,83
"TUCHORAZ";1990;11,02;51,41;23,08;73,44;23,7;59,1;5,6;42,81;44,07;30,49;64,85;29,91
"TUCHORAZ";1991;11,6;12,68;35,55;27,71;42,3;100,57;86,77;78,43;20,34;16,65;79,19;58,92
"TUCHORAZ";1992;32,22;32,62;76,55;27,35;15,17;103,72;62,39;71,82;25,04;57,91;31,54;37,46
"TUCHORAZ";1993;34,28;41,33;17,2;19,76;59,39;95,99;115,42;52,35;70,05;56,97;54,98;69,58
"TUCHORAZ";1994;28,39;16,22;72,87;47,69;62,93;31,68;56,5;76,41;50,72;26,59;27,2;64,99
"TUCHORAZ";1995;46,67;35,58;40,03;50,25;116,51;90,21;72,4;104,95;104,08;9,18;36,05;40,32
"TUCHORAZ";1996;8,27;21,1;29,55;27,78;138,9;111,52;121,17;74,46;44,07;33,24;31,83;26,16
"TUCHORAZ";1997;17,99;31,61;48,84;44,9;45,7;106,21;137,13;62,71;23,37;38,51;33,27;47,94
"TUCHORAZ";1998;16,26;8,96;45,16;19,47;19,18;137,64;76,51;29,8;103,18;93,35;36,56;20,09
"TUCHORAZ";1999;32,15;47,14;35,8;26,41;44,9;64,74;106,07;32,69;49,89;24,2;21,86;42,19
"TUCHORAZ";2000;35,66;41,69;122,94;12,21;43,68;63,47;87,21;32,22;29,26;48,08;24,53;17,02
"TUCHORAZ";2001;26,12;41,22;56,25;68,78;98,44;77,6;105,88;91,25;102,06;26,44;54,26;61,05
"TUCHORAZ";2002;22,54;60,33;25,54;33,74;58,67;131,25;130,34;178,97;76,23;75,68;79,69;52,06
"TUCHORAZ";2003;37,14;6,25;8,09;22,54;92,66;40,1;69,61;33,78;44,07;36,96;8,45;42,74
"TUCHORAZ";2004;65,93;28,79;40,86;25,32;59,9;102,85;44,94;57,33;45,95;21,17;73,23;14,41
"TUCHORAZ";2005;52,24;54,08;18,97;27,82;73,59;68,75;153,07;92,52;31,32;13,08;19,07;49,35
"TUCHORAZ";2006;22,43;36,02;64,77;54,77;83,31;122,43;35,73;132,98;14,59;35,66;27,78;25,47
"TUCHORAZ";2007;63,98;36,56;29,88;2,89;67,74;89,88;79,62;60,15;101,01;17,92;84,75;23,84
"TUCHORAZ";2008;26,34;18,35;34,14;47,65;53,39;44,47;71,93;53,18;11,63;42,77;27,89;26,16
"TUCHORAZ";2009;18,03;49,53;61,67;14,7;88,29;84,5;76,73;39,59;14,16;55,38;31,25;63,55
"TUCHORAZ";2010;70,23;15,79;25,83;35,69;109,46;58,02;100,65;167,62;100,07;4,48;65,24;61,7
"TUCHORAZ";2011;39,08;7,92;29,63;21,98;63,94;92,07;153,57;62,43;43,01;47,45;0,82;39,5
"TUCHORAZ";2012;62,71;25,6;13,01;33,62;37,09;65,61;114,79;99,23;42;44,25;45,04;59,86
"TUCHORAZ";2013;60,72;45,71;21,65;26,87;119,79;195,73;47,97;118,85;57,46;44,31;33,17;12,42
"TUCHORAZ";2014;31,82;2,32;46,65;33,01;128,04;27,73;85,55;47,35;98,25;50,95;20,28;36,44
"TUCHORAZ";2015;41,65;4,01;43,82;21,03;46,39;62,93;20,77;82,66;10,44;65,39;71,67;16,29
